reference_page,block_idx,field,label,scope,visual_reference,recognition_note,original_ocr,dpi_200_output,dpi_250_output,dpi_300_output,dpi_200_icons,dpi_250_icons,dpi_300_icons,dpi_200_judgement,dpi_250_judgement,dpi_300_judgement
313,4311,text,search continuation text,all,No UI icon needs to be inserted.,All DPI settings correctly leave the paragraph unchanged.,further searched for (manually select a target or use AcuPick to automatically recognize targets).,further searched for (manually select a target or use AcuPick to automatically recognize targets).,further searched for (manually select a target or use AcuPick to automatically recognize targets).,further searched for (manually select a target or use AcuPick to automatically recognize targets).,,,,correct,correct,correct
313,4312,list_items,descriptive bullet list,all,No UI icon needs to be inserted; bullets should not become icons.,All DPI settings hallucinate icons from bullets or surrounding layout.,"● When viewing recorded videos and snapshots, you can select a target manually or select one automatically recognized by AcuPick, and then search for it in DeepXplore. / ● If the channel is bound to other video channe...","● [Icon: video_camera] When viewing recorded videos and snapshots, you can select a target manually or select one automatically recognized by AcuPick, and then search for it in DeepXplore. / ● [Icon: link] If the chan...","[Icon: bullet] When viewing recorded videos and snapshots, you can select a target manually or select one automatically recognized by AcuPick, and then search for it in DeepXplore. / [Icon: bullet] If the channel is b...","[Icon: bullet] When viewing recorded videos and snapshots, you can select a target manually or select one automatically recognized by AcuPick, and then search for it in DeepXplore. / [Icon: bullet] If the channel is b...",video camera; link; plus,bullet; bullet; bullet,bullet; bullet; bullet,wrong,wrong,wrong
313,4313,text,tracks/favorites star icons,icon_required,"Two missing icons: star before add-to-tracks/favorites, and starred record with red notification badge at the upper right.",All three DPIs recover the two star icons. 300 DPI gives the most descriptive second label.,"Click to add a record to the tracks and favorites, and then click at the upperright corner to view all records in the tracks and favorites. You can add them to a case.","Click [Icon: star] to add a record to the tracks and favorites, and then click [Icon: star with badge 1] at the upper-right corner to view all records in the tracks and favorites. You can add them to a case.","Click [Icon: star] to add a record to the tracks and favorites, and then click [Icon: star with badge 1] at the upper-right corner to view all records in the tracks and favorites. You can add them to a case.","Click [Icon: star_outline] to add a record to the tracks and favorites, and then click [Icon: star_with_notification_badge] at the upper-right corner to view all records in the tracks and favorites. You can add them t...",star; star with badge 1,star; star with badge 1,star outline; star with notification badge,correct,correct,correct
313,4314,text,section bullet mistaken as icon,all,No UI icon needs to be inserted.,All DPI settings insert a bullet icon that is not useful for retrieval.,Generate tracks,[Icon: bullet] Generate tracks,[Icon: bullet] Generate tracks,[Icon: bullet] Generate tracks,bullet,bullet,bullet,wrong,wrong,wrong
313,4315,text,temporary records star icons,icon_required,Two missing star/favorite icons should be inserted around the temporary-record action.,All DPI settings recover the star/favorite icon pair.,"Click to add a record to the temporary records, and then click at the upperright corner to view all records in the temporary records. Select multiple records, and then click Generate Track to generate a track.","Click [Icon: star] to add a record to the temporary records, and then click [Icon: star with badge 1] at the upper-right corner to view all records in the temporary records. Select multiple records, and then click **G...","Click [Icon: star_outline] to add a record to the temporary records, and then click [Icon: star_filled_with_badge] at the upper-right corner to view all records in the temporary records. Select multiple records, and t...","Click [Icon: star_outline] to add a record to the temporary records, and then click [Icon: star_filled_with_notification_badge] at the upper-right corner to view all records in the temporary records. Select multiple r...",star; star with badge 1,star outline; star filled with badge,star outline; star filled with notification badge,correct,correct,correct
313,4316,list_items,record operation list,icon_required,"Recover face arming group, track playback, filter/search, vehicle arming group, and delete icons.",200 and 300 DPI recover the arming-group semantics more clearly; 250 uses face_add and vehicle_add.,"You can also click to add it to a face arming group. After you send the group to devices and configure an event, devices can trigger alarms when the face is recognized. / ● For the face snapshot and body capture, you...","You can also click [Icon: face_arming_group] to add it to a face arming group. After you send the group to devices and configure an event, devices can trigger alarms when the face is recognized. / ● For the face snaps...","You can also click [Icon: face_add] to add it to a face arming group. After you send the group to devices and configure an event, devices can trigger alarms when the face is recognized. / ● For the face snapshot and b...","You can also click [Icon: face_arming_group] to add it to a face arming group. After you send the group to devices and configure an event, devices can trigger alarms when the face is recognized. / ● For the face snaps...",face arming group; track playback; filter; vehicle arming group; delete,face add; track playback; filter; vehicle add; delete,face arming group; track playback; filter; vehicle arming group; delete,correct,partial,correct
313,4317,text,deletion limitation note,all,No UI icon needs to be inserted.,All DPI settings correctly leave the paragraph unchanged.,"The access records, mobile device records which are stored in EEC, and POS records cannot be deleted.","The access records, mobile device records which are stored in EEC, and POS records cannot be deleted.","The access records, mobile device records which are stored in EEC, and POS records cannot be deleted.","The access records, mobile device records which are stored in EEC, and POS records cannot be deleted.",,,,correct,correct,correct
313,4318,text,offline extraction paragraph,all,No UI icon needs to be inserted; the OCR has broken the word offline.,250 and 300 DPI incorrectly turn the broken word offline into icons.,"Extract records: When NVR and IVSS go online again after o ine, the records of faces, human bodies, motor vehicles, and non-motor vehicles captured when they are o ine can be uploaded to the platform.","Extract records: When NVR and IVSS go online again after o ine, the records of faces, human bodies, motor vehicles, and non-motor vehicles captured when they are o ine can be uploaded to the platform.","Extract records: When NVR and IVSS go online again after [Icon: offline], the records of faces, human bodies, motor vehicles, and non-motor vehicles captured when they are [Icon: offline] can be uploaded to the platform.","Extract records: When NVR and IVSS go online again after [Icon: offline], the records of faces, human bodies, motor vehicles, and non-motor vehicles captured when they are [Icon: offline] can be uploaded to the platform.",,offline; offline,offline; offline,correct,wrong,wrong
313,4319,text,resume upload action,icon_required,"The missing upper-right icon means resume/upload, not a generic menu.",250 DPI outputs upload; 200 and 300 call the icon menu and also add markdown styling.,"Click at the upper right, and then enter the platform login password. The Resume Upload when Offline page is displayed.","Click [Icon: menu] at the upper right, and then enter the platform login password. The **Resume Upload when Offline** page is displayed.","Click [Icon: upload] at the upper right, and then enter the platform login password. The Resume Upload when Offline page is displayed.","Click [Icon: menu] at the upper right, and then enter the platform login password. The **Resume Upload when Offline** page is displayed.",menu,upload,menu,wrong,correct,wrong
313,4320,list_items,auto extraction bullet list,all,No UI icon needs to be inserted; list bullets should remain list markers.,All DPI settings turn list bullets into diamond icons.,"Auto extraction: Set the extraction time, and then the system automatically extracts the snapshot records 24 hours before the defined time. To extract records prior to 24-hour period, you need to perform manual extrac...","[Icon: diamond] Auto extraction: Set the extraction time, and then the system automatically extracts the snapshot records 24 hours before the defined time. To extract records prior to 24-hour period, you need to perfo...","[Icon: diamond] Auto extraction: Set the extraction time, and then the system automatically extracts the snapshot records 24 hours before the defined time. To extract records prior to 24-hour period, you need to perfo...","[Icon: diamond] Auto extraction: Set the extraction time, and then the system automatically extracts the snapshot records 24 hours before the defined time. To extract records prior to 24-hour period, you need to perfo...",diamond; diamond,diamond; diamond,diamond; diamond,wrong,wrong,wrong
313,4321,text,extraction configuration sentence,all,No UI icon needs to be inserted.,All DPI settings correctly leave the sentence unchanged.,The system extracts records according to the configuration.,The system extracts records according to the configuration.,The system extracts records according to the configuration.,The system extracts records according to the configuration.,,,,correct,correct,correct
320,4433,list_items,case add/back actions,icon_required,Recover add/plus next to the record and back/left-arrow for returning to the case adding page.,"All three DPIs recover plus and left arrow, and all repair the OCR formula noise around next.","3. Click n $\mathsf { C l i c k } \star$ ext to the record to add it to the case. / 4. Click to go back to the case adding page, you can add other type of records related to the case.","3. Click [Icon: plus] next to the record to add it to the case. / 4. Click [Icon: left arrow] to go back to the case adding page, you can add other type of records related to the case.","3. Click [Icon: plus] next to the record to add it to the case. / 4. Click [Icon: left arrow] to go back to the case adding page, you can add other type of records related to the case.","3. Click [Icon: plus] next to the record to add it to the case. / 4. Click [Icon: left arrow] to go back to the case adding page, you can add other type of records related to the case.",plus; left arrow,plus; left arrow,plus; left arrow,correct,correct,correct
320,4434,text,attachment action,icon_required,Step 8 should click the attachment/link icon before adding attachments.,250 DPI recognizes attachment; 200 and 300 mislabel the icon as refresh.,"Step 8 Click , and then click Add under Attachment to upload images and videos related to the case.","Step 8 Click [Icon: refresh], and then click Add under Attachment to upload images and videos related to the case.","Step 8 Click [Icon: attachment], and then click Add under Attachment to upload images and videos related to the case.","Step 8 Click [Icon: refresh], and then click Add under Attachment to upload images and videos related to the case.",refresh,attachment,refresh,wrong,correct,wrong
320,4435,list_items,upload limits and file extensions,all,No UI icon needs to be inserted; file extension OCR noise should not become icons.,All DPI settings hallucinate icons from the corrupted .flv/file-extension text.,"● The platform supports uploading up to 20 videos, and each video cannot exceed 300 MB. Format includes .dav, .mp4, .avi, .v and .asf. / ● Up to 20 images can be uploaded. Image format includes .png, .jpg and .jpeg. B","● The platform supports uploading up to 20 videos, and each video cannot exceed 300 MB. Format includes .dav, .mp4, .avi, [Icon: flv] and .asf. / ● Up to 20 images can be uploaded. Image format includes .png, .jpg and...","● The platform supports uploading up to 20 videos, and each video cannot exceed 300 MB. Format includes .dav, .mp4, .avi, [Icon: flv] and .asf. / ● Up to 20 images can be uploaded. Image format includes .png, .jpg and...","● The platform supports uploading up to 20 videos, and each video cannot exceed 300 MB. Format includes .dav, .mp4, .avi, [Icon: flv] and .asf. / ● Up to 20 images can be uploaded. Image format includes .png, .jpg and...",flv; book,flv; book,flv; book,wrong,wrong,wrong
320,4436,text,file-count limit note,all,No UI icon needs to be inserted.,All DPI settings correctly leave the sentence unchanged.,The number of all video files and images cannot be more than 20.,The number of all video files and images cannot be more than 20.,The number of all video files and images cannot be more than 20.,The number of all video files and images cannot be more than 20.,,,,correct,correct,correct
320,4437,text,step 9 ok instruction,all,No UI icon needs to be inserted.,All DPI settings correctly leave the step unchanged.,Step 9 Click OK.,Step 9 Click OK.,Step 9 Click OK.,Step 9 Click OK.,,,,correct,correct,correct
320,4438,text,related operations heading,all,No UI icon needs to be inserted.,All DPI settings correctly leave the heading unchanged.,Related Operations,Related Operations,Related Operations,Related Operations,,,,correct,correct,correct
320,4439,list_items,case related-operation icons,icon_required,"Recover view, delete/minus, upload, search, view, download, trash/delete, and toggle icons.",All three DPIs recover the main operation-icon sequence with nearly identical labels.,"● Delete or replace an icon / Click on the case card, and then click edit. Click to delete it; Drag the image file to uploading image area, or click on the uploading area, and then upload the image file. / ● Enter cas...","● Delete or replace an icon / Click [Icon: eye] on the case card, and then click edit. Click [Icon: minus] to delete it; Drag the image file to uploading image area, or click [Icon: upload] on the uploading area, and...","● Delete or replace an icon / Click [Icon: eye] on the case card, and then click edit. Click [Icon: minus] to delete it; Drag the image file to uploading image area, or click [Icon: upload] on the uploading area, and...","● Delete or replace an icon / Click [Icon: eye] on the case card, and then click edit. Click [Icon: minus] to delete it; Drag the image file to uploading image area, or click [Icon: upload] on the uploading area, and...",eye; minus; upload; search; eye; download; trash; toggle,eye; minus; upload; search; eye; download; trash; toggle,eye; minus; upload; search; eye; download; trash; toggle,correct,correct,correct
320,4440,text,access management section heading,all,No UI icon needs to be inserted.,All DPI settings correctly leave the heading unchanged.,5.4 Access Management,5.4 Access Management,5.4 Access Management,5.4 Access Management,,,,correct,correct,correct
320,4441,text,access management overview,all,No UI icon needs to be inserted.,All DPI settings correctly leave the paragraph unchanged.,"On the Access Management page, you can perform operations on access control, lift control, attendance, video intercom, and visitor.","On the Access Management page, you can perform operations on access control, lift control, attendance, video intercom, and visitor.","On the Access Management page, you can perform operations on access control, lift control, attendance, video intercom, and visitor.","On the Access Management page, you can perform operations on access control, lift control, attendance, video intercom, and visitor.",,,,correct,correct,correct
320,4442,text,access control subsection heading,all,No UI icon needs to be inserted.,All DPI settings correctly leave the heading unchanged.,5.4.1 Access Control,5.4.1 Access Control,5.4.1 Access Control,5.4.1 Access Control,,,,correct,correct,correct
435,6209,text,related operations heading,all,No UI icon needs to be inserted.,All DPI settings correctly leave the heading unchanged.,Related Operations,Related Operations,Related Operations,Related Operations,,,,correct,correct,correct
435,6210,table_body,interface operation table,icon_required,"Replace corrupted Icon/Function cells with close-all, split-screen, snapshot, close-window, stop/pause, speed, frame-by-frame, and search-by-snapshot labels.","All three recover table icons, but 300 DPI preserves the surrounding table HTML/OCR text most faithfully.",<table><tr><td>Icon/Function</td><td>Description</td></tr><tr><td>Right-click menu</td><td>·Continuous Snapshot:Take snapshots of the current image (2 snapshots each time by default). The snapshots are saved to..\DSS\...,<table><tr><td>Icon/Function</td><td>Description</td></tr><tr><td>Right-click menu</td><td>· **Continuous Snapshot**: Take snapshots of the current image (2 snapshots each time by default). The snapshots are saved to...,<table><tr><td>Icon/Function</td><td>Description</td></tr><tr><td>Right-click menu</td><td>· **Continuous Snapshot**: Take snapshots of the current image (2 snapshots each time by default). The snapshots are saved to...,<table><tr><td>Icon/Function</td><td>Description</td></tr><tr><td>Right-click menu</td><td>·Continuous Snapshot:Take snapshots of the current image (2 snapshots each time by default). The snapshots are saved to..\DSS\...,key; close all; split screen; snapshot; close window; stop pause; speed; frame by frame; search snapshot; search,key; close all videos; split window; camera; close window; stop/pause; speed control; frame by frame; search snapshot; search,key; close all videos; split window; camera; close window; stop/pause; fast/slow playback; frame by frame; search by snapshot; search,partial,partial,correct
435,6211,text,local settings section heading,all,No UI icon needs to be inserted.,All DPI settings correctly leave the heading unchanged.,8.7 Configuring Local Settings,8.7 Configuring Local Settings,8.7 Configuring Local Settings,8.7 Configuring Local Settings,,,,correct,correct,correct
435,6212,text,local settings overview paragraph,all,No missing icons; the paragraph should remain unchanged.,300 DPI correctly leaves the paragraph unchanged; 200 and 250 hallucinate category icons.,"After logging in to the client, you can manage default settings, and configure the parameters including basic settings, video parameters, record playback, snapshot, recording, alarm, video wall, security settings and...","After logging in to the client, you can manage default settings, and configure the parameters including [Icon: settings] basic settings, [Icon: video] video parameters, [Icon: play] record playback, [Icon: camera] sna...","After logging in to the client, you can manage default settings, and configure the parameters including [Icon: settings] basic settings, [Icon: video] video parameters, [Icon: play] record playback, [Icon: camera] sna...","After logging in to the client, you can manage default settings, and configure the parameters including basic settings, video parameters, record playback, snapshot, recording, alarm, video wall, security settings and...",settings; video; play; camera; record; alarm; wall; lock; keyboard,settings; video; play; camera; record; alarm; video wall; security; keyboard,,wrong,wrong,correct
